IL 4237,2024-03-07 14:28:10
TC 9237,2024-03-07 14:28:10
IC 9237,2024-03-07 14:28:11
TC 92377,2024-03-07 14:28:11
Tc' 9277,2024-03-07 14:28:11
TC 9277,2024-03-07 14:28:11
Tc 9777,2024-03-07 14:28:12
0000000,2024-03-07 14:28:15
IC 9277,2024-03-07 14:29:15
IL 9237,2024-03-07 14:29:16
1L_9237,2024-03-07 14:29:16
1L 9237,2024-03-07 14:29:16
LL_9237,2024-03-07 14:29:16
[C 9237,2024-03-07 14:29:47
Tc 9237,2024-03-07 14:29:49
Tc 9277,2024-03-07 14:29:50
TC 92737,2024-03-07 14:29:51
tc 9237,2024-03-07 14:29:52
